id;bairro;cep
730;JARDIM DAMASCENO;02879000
731;JARDIM DAMASCENO;02879010
732;JARDIM DAMASCENO;02879020
733;JARDIM DAMASCENO;02879030
734;JARDIM DAMASCENO;02879040
735;JARDIM DAMASCENO;02879050
736;JARDIM DAMASCENO;02879060
737;JARDIM DAMASCENO;02879070
738;JARDIM DAMASCENO;02879080
739;JARDIM DAMASCENO;02879090
740;JARDIM DAMASCENO;02879100
741;JARDIM DAMASCENO;02879110
742;JARDIM DAMASCENO;02879120
743;JARDIM DAMASCENO;02879130
744;JARDIM DAMASCENO;02879140
745;JARDIM DAMASCENO;02879150
746;JARDIM DAMASCENO;02879160
747;JARDIM DAMASCENO;02879170
748;JARDIM DAMASCENO;02879180
749;JARDIM DAMASCENO;02879190
750;JARDIM DAMASCENO;02879200
751;JARDIM DAMASCENO;02879210
752;JARDIM PARANA;02876000
753;JARDIM PARANA;02876110
754;JARDIM PARANA;02876120
755;JARDIM PARANA;02876170
756;JARDIM PARANA;02876180
757;JARDIM PARANA;02876250
758;JARDIM PARANA;02876270
759;JARDIM PARANA;02876290
760;JARDIM PARANA;02876360
761;JARDIM PARANA;02876420
762;JARDIM PARANA;02876430
763;JARDIM PARANA;02876490
764;VILA ITABERABA;02846010
765;VILA ITABERABA;02846020
766;VILA ITABERABA;02846050
767;VILA ITABERABA;02846060
768;VILA ITABERABA;02846070
769;VILA ITABERABA;02846100
770;VILA ITABERABA;02846160
771;VILA ITABERABA;02846180
772;VILA ITABERABA;02846210
773;VILA ITABERABA;02846220
774;VILA ITABERABA;02846240
775;VILA ITABERABA;02846250
776;VILA ITABERABA;02846270
778;VILA ITABERABA;02847000
779;VILA ITABERABA;02847001
780;VILA ITABERABA;02847010
781;VILA ITABERABA;02847020
782;VILA ITABERABA;02847040
783;VILA ITABERABA;02847060
784;VILA ITABERABA;02847070
785;VILA ITABERABA;02851000
786;JARDIM PRINCESA;02856000
787;JARDIM PRINCESA;02856010
788;JARDIM PRINCESA;02856020
789;JARDIM PRINCESA;02856024
790;JARDIM PRINCESA;02856030
791;JARDIM PRINCESA;02856040
792;JARDIM PRINCESA;02856050
793;JARDIM PRINCESA;02856060
794;JARDIM PRINCESA;02856070
795;JARDIM PRINCESA;02856080
796;JARDIM PRINCESA;02856090
797;JARDIM PRINCESA;02856094
798;JARDIM PRINCESA;02856100
799;JARDIM PRINCESA;02856110
800;JARDIM PRINCESA;02856130
801;JARDIM PRINCESA;02856140
802;JARDIM PRINCESA;02856170
803;JARDIM PRINCESA;02856120
804;JARDIM VISTA ALEGRE/RECANTO;02877000
805;JARDIM VISTA ALEGRE/RECANTO;02877010
806;JARDIM VISTA ALEGRE/RECANTO;02877020
807;JARDIM VISTA ALEGRE/RECANTO;02877030
808;JARDIM VISTA ALEGRE/RECANTO;02877040
809;JARDIM VISTA ALEGRE/RECANTO;02877045
810;JARDIM VISTA ALEGRE/RECANTO;02877050
811;JARDIM VISTA ALEGRE/RECANTO;02877060
812;JARDIM VISTA ALEGRE/RECANTO;02877070
813;JARDIM VISTA ALEGRE/RECANTO;02877080
814;JARDIM VISTA ALEGRE/RECANTO;02877090
815;JARDIM VISTA ALEGRE/RECANTO;02877100
816;JARDIM VISTA ALEGRE/RECANTO;02877110
817;JARDIM VISTA ALEGRE/RECANTO;02877120
818;JARDIM VISTA ALEGRE/RECANTO;02877130
819;JARDIM VISTA ALEGRE/RECANTO;02877145
820;JARDIM VISTA ALEGRE/RECANTO;02877146
821;JARDIM VISTA ALEGRE/RECANTO;02877150
822;JARDIM VISTA ALEGRE/RECANTO;02877155
823;JARDIM VISTA ALEGRE/RECANTO;02877160
824;JARDIM VISTA ALEGRE/RECANTO;02877162
825;JARDIM VISTA ALEGRE/RECANTO;02877165
826;JARDIM VISTA ALEGRE/RECANTO;02878000
827;JARDIM VISTA ALEGRE/RECANTO;02878010
828;JARDIM VISTA ALEGRE/RECANTO;02878020
829;JARDIM VISTA ALEGRE/RECANTO;02878030
830;JARDIM VISTA ALEGRE/RECANTO;02878040
831;JARDIM VISTA ALEGRE/RECANTO;02878050
832;JARDIM VISTA ALEGRE/RECANTO;02878060
833;JARDIM VISTA ALEGRE/RECANTO;02878070
834;JARDIM VISTA ALEGRE/RECANTO;02878080
836;JARDIM VISTA ALEGRE/RECANTO;02878110
837;JARDIM VISTA ALEGRE/RECANTO;02878120
838;JARDIM VISTA ALEGRE/RECANTO;02878125
839;JARDIM VISTA ALEGRE/RECANTO;02878130
840;JARDIM VISTA ALEGRE/RECANTO;02878140
841;JARDIM VISTA ALEGRE/RECANTO;02878150
842;JARDIM VISTA ALEGRE/RECANTO;02878160
843;JARDIM VISTA ALEGRE/RECANTO;02878115
844;JARDIM ELISA MARIA;02870180
845;JARDIM ELISA MARIA;02870190
846;JARDIM ELISA MARIA;02873000
847;JARDIM ELISA MARIA;02873010
848;JARDIM ELISA MARIA;02873020
849;JARDIM ELISA MARIA;02873030
850;JARDIM ELISA MARIA;02873040
851;JARDIM ELISA MARIA;02873050
852;JARDIM ELISA MARIA;02873060
853;JARDIM ELISA MARIA;02873070
854;JARDIM ELISA MARIA;02873080
855;JARDIM ELISA MARIA;02873090
856;JARDIM ELISA MARIA;02873100
857;JARDIM ELISA MARIA;02873110
858;JARDIM ELISA MARIA;02873120
859;JARDIM ELISA MARIA;02873130
860;JARDIM ELISA MARIA;02873140
861;JARDIM ELISA MARIA;02873150
862;JARDIM ELISA MARIA;02873160
863;JARDIM ELISA MARIA;02873170
864;JARDIM ELISA MARIA;02873180
865;JARDIM ELISA MARIA;02873190
866;JARDIM ELISA MARIA;02873200
867;JARDIM ELISA MARIA;02873210
868;JARDIM ELISA MARIA;02873220
869;JARDIM ELISA MARIA;02873230
870;JARDIM ELISA MARIA;02873240
871;JARDIM ELISA MARIA;02873250
872;JARDIM ELISA MARIA;02873270
873;JARDIM ELISA MARIA;02873280
874;JARDIM ELISA MARIA;02873290
875;JARDIM ELISA MARIA;02873300
876;JARDIM ELISA MARIA;02873310
877;JARDIM ELISA MARIA;02873320
878;JARDIM ELISA MARIA;02873330
879;JARDIM ELISA MARIA;02873340
880;JARDIM ELISA MARIA;02873350
881;JARDIM ELISA MARIA;02873360
882;JARDIM ELISA MARIA;02873370
883;JARDIM ELISA MARIA;02873380
884;JARDIM ELISA MARIA;02873390
885;JARDIM ELISA MARIA;02873400
886;JARDIM ELISA MARIA;02873410
887;JARDIM ELISA MARIA;02873420
888;JARDIM ELISA MARIA;02873430
889;JARDIM ELISA MARIA;02873440
890;JARDIM ELISA MARIA;02873450
891;JARDIM ELISA MARIA;02873460
892;JARDIM ELISA MARIA;02873470
893;JARDIM ELISA MARIA;02873480
894;JARDIM ELISA MARIA;02873490
895;JARDIM ELISA MARIA;02873500
896;JARDIM ELISA MARIA;02873510
897;JARDIM ELISA MARIA;02873520
898;JARDIM ELISA MARIA;02873530
899;JARDIM ELISA MARIA;02873540
900;JARDIM ELISA MARIA;02873550
901;JARDIM ELISA MARIA;02873560
902;JARDIM ELISA MARIA;02873570
903;JARDIM ELISA MARIA;02873580
904;JARDIM ELISA MARIA;02873590
905;JARDIM ELISA MARIA;02873600
906;JARDIM ELISA MARIA;02873610
907;JARDIM ELISA MARIA;02873620
908;JARDIM ELISA MARIA;02873630
909;JARDIM ELISA MARIA;02873640
910;JARDIM ELISA MARIA;02873650
911;JARDIM ELISA MARIA;02873680
912;JARDIM ELISA MARIA;02873730
913;JARDIM ELISA MARIA;02873740
914;JARDIM ELISA MARIA;02873750
915;JARDIM ELISA MARIA;02873760
916;JARDIM ELISA MARIA;02873770
917;JARDIM ELISA MARIA;02874000
918;JARDIM ELISA MARIA;02874010
919;JARDIM ELISA MARIA;02874020
920;JARDIM ELISA MARIA;02874030
921;JARDIM ELISA MARIA;02874040
922;JARDIM ELISA MARIA;02874060
923;JARDIM ELISA MARIA;02874070
924;JARDIM ELISA MARIA;02874080
925;JARDIM ELISA MARIA;02874090
926;JARDIM ELISA MARIA;02874100
927;JARDIM ELISA MARIA;02874110
928;JARDIM ELISA MARIA;02874140
929;JARDIM ELISA MARIA;02874150
930;JARDIM ELISA MARIA;02874160
931;JARDIM ELISA MARIA;02875000
932;JARDIM ELISA MARIA;02875010
933;JARDIM ELISA MARIA;02875020
934;JARDIM ELISA MARIA;02875030
935;JARDIM ELISA MARIA;02875040
936;JARDIM ELISA MARIA;02875050
937;JARDIM ELISA MARIA;02875060
938;JARDIM ELISA MARIA;02875070
939;JARDIM ELISA MARIA;02875074
940;JARDIM ELISA MARIA;02875080
941;JARDIM ELISA MARIA;02873740
942;JARDIM VITORIA REGIA;02859140
943;JARDIM VITORIA REGIA;02859150
944;JARDIM VITORIA REGIA;02859160
945;JARDIM VITORIA REGIA;02859170
946;JARDIM VITORIA REGIA;02859180
947;JARDIM VITORIA REGIA;02859190
948;JARDIM VITORIA REGIA;02859200
949;JARDIM VITORIA REGIA;02859210
950;JARDIM VITORIA REGIA;02859220
951;JARDIM VITORIA REGIA;02859230
952;JARDIM VITORIA REGIA;02857090
953;JARDIM BRASILIA;02858040
954;JARDIM BRASILIA;02858050
955;JARDIM BRASILIA;02859000
956;JARDIM BRASILIA;02859010
957;JARDIM BRASILIA;02859020
958;JARDIM BRASILIA;02859030
959;JARDIM BRASILIA;02859040
960;JARDIM BRASILIA;02859050
961;JARDIM BRASILIA;02859060
962;JARDIM BRASILIA;02859070
963;JARDIM BRASILIA;02859080
964;JARDIM BRASILIA;02859090
965;JARDIM BRASILIA;02859100
966;JARDIM BRASILIA;02859110
967;JARDIM BRASILIA;02859120
968;VILA NOVA PARADA;02883050
969;VILA NOVA PARADA;02883053
970;VILA NOVA PARADA;02883052
971;VILA NOVA PARADA;02883054
972;JARDIM CARUMBE;02837150
973;JARDIM CARUMBE;02837160
974;JARDIM CARUMBE;02846190
975;JARDIM CARUMBE;02846200
976;JARDIM CARUMBE;02846210
977;JARDIM CARUMBE;02846220
978;JARDIM CARUMBE;02846010
979;JARDIM CARUMBE;02853040
980;JARDIM CARUMBE;02853050
981;JARDIM CARUMBE;02853080
982;JARDIM CARUMBE;02853060
983;JARDIM CARUMBE;02854050
984;JARDIM CARUMBE;02855000
985;JARDIM CARUMBE;02855010
986;JARDIM CARUMBE;02855020
987;JARDIM CARUMBE;02855030
988;JARDIM CARUMBE;02855035
989;JARDIM CARUMBE;02855040
990;JARDIM CARUMBE;02855050
991;JARDIM CARUMBE;02855060
992;JARDIM CARUMBE;02855070
993;JARDIM CARUMBE;02855075
994;JARDIM CARUMBE;02855080
995;JARDIM CARUMBE;02855090
996;JARDIM CARUMBE;02855110
997;JARDIM CARUMBE;02855120
998;JARDIM CARUMBE;02855130
999;JARDIM CARUMBE;02855140
1000;JARDIM CARUMBE;02855150
1001;JARDIM CARUMBE;02855160
1002;JARDIM CARUMBE;02855170
1003;JARDIM CARUMBE;02855180
1004;JARDIM CARUMBE;02855190
1005;JARDIM CARUMBE;02855220
1006;JARDIM CARUMBE;02855230
1007;JARDIM CARUMBE;02855240
1008;JARDIM CARUMBE;02855250
1009;JARDIM CARUMBE;02855270
1010;JARDIM CARUMBE;02855280
1013;JARDIM CARUMBE;02855107
1014;JARDIM CARUMBE;02837195
1015;VILA TERESINHA;02853000
1016;VILA TERESINHA;02853010
1017;VILA TERESINHA;02853020
1018;VILA TERESINHA;02853030
1019;VILA TERESINHA;02853040
1020;VILA TERESINHA;02853050
1021;VILA TERESINHA;02853060
1022;VILA TERESINHA;02853080
1023;VILA TERESINHA;02854000
1024;VILA TERESINHA;02854010
1025;VILA TERESINHA;02854020
1026;VILA TERESINHA;02854030
1027;VILA TERESINHA;02854040
1028;VILA TERESINHA;02854050
1029;VILA TERESINHA;02854060
1030;VILA TERESINHA;02854050
1031;VILA TERESINHA;02854060
1032;VILA TERESINHA;02854070
1033;VILA TERESINHA;02854080
1034;ITAGUACU;02680080
1035;ITAGUACU;02680070
1036;ITAGUACU;02680021
1037;ITAGUACU;04642090
1038;ITAGUACU;02680031
1039;JARDIM LIDER;02983055
1040;JARDIM LIDER;02983130
1041;JARDIM LIDER;02986120
1042;JARDIM LIDER;02983100
1043;JARDIM LIDER;02983090
1044;JARDIM LIDER;02883110
1045;COHAB BRASILANDIA;02820070
1047;COHAB BRASILANDIA;02813100
1048;COHAB BRASILANDIA;02820040
1049;COHAB BRASILANDIA;02820020
1050;COHAB BRASILANDIA;02820090
1051;COHAB BRASILANDIA;02820100
1052;VILA SIQUEIRA;02817080
1053;VILA SIQUEIRA;02817000
1054;VILA SIQUEIRA;02817010
1055;VILA SIQUEIRA;02816010
1056;VILA SIQUEIRA;02817060
1057;VILA SIQUEIRA;02817050
1058;VILA SIQUEIRA;02816011
1059;VILA SIQUEIRA;02817071
1060;VILA SIQUEIRA;02817075
1061;VILA SIQUEIRA;02817073
1062;JARIDM GUARANI;02849020
1063;JARIDM GUARANI;02844070
1064;JARIDM GUARANI;02844080
1065;JARIDM GUARANI;02844090
1066;JARIDM GUARANI;02844100
1067;JARIDM GUARANI;02844110
1068;JARIDM GUARANI;02844120
1069;JARIDM GUARANI;02845000
1070;JARIDM GUARANI;02845010
1071;JARIDM GUARANI;02845020
1072;JARIDM GUARANI;02845030
1073;JARIDM GUARANI;02845040
1074;JARIDM GUARANI;02845050
1075;JARIDM GUARANI;02845060
1076;JARIDM GUARANI;02845070
1077;JARIDM GUARANI;02845080
1078;JARIDM GUARANI;02845090
1079;JARIDM GUARANI;02845100
1080;JARIDM GUARANI;02845110
1081;JARIDM GUARANI;02845120
1082;JARIDM GUARANI;02845140
1083;JARIDM GUARANI;02845150
1084;JARIDM GUARANI;02845160
1085;JARIDM GUARANI;02846010
1086;JARIDM GUARANI;02846020
1087;JARIDM GUARANI;02846030
1088;JARIDM GUARANI;02846040
1089;JARIDM GUARANI;02846050
1090;JARIDM GUARANI;02846060
1091;JARIDM GUARANI;02846070
1092;JARIDM GUARANI;02846090
1093;JARIDM GUARANI;02846100
1094;JARIDM GUARANI;02847001
1095;JARIDM GUARANI;02847010
1096;JARIDM GUARANI;02847020
1097;JARIDM GUARANI;02847040
1098;JARIDM GUARANI;02847060
1099;JARIDM GUARANI;02847070
1100;JARIDM GUARANI;02847080
1101;JARIDM GUARANI;02847085
1102;JARIDM GUARANI;02847086
1103;JARIDM GUARANI;02847087
1104;JARIDM GUARANI;02847090
1105;JARIDM GUARANI;02847100
1106;JARIDM GUARANI;02848000
1107;JARIDM GUARANI;02848010
1108;JARIDM GUARANI;02848020
1109;JARIDM GUARANI;02848030
1110;JARIDM GUARANI;02848040
1111;JARIDM GUARANI;02848050
1112;JARIDM GUARANI;02848060
1113;JARIDM GUARANI;02848070
1114;JARIDM GUARANI;02848080
1115;JARIDM GUARANI;02848130
1116;JARIDM GUARANI;02849000
1117;JARIDM GUARANI;02849010
1118;JARIDM GUARANI;02849020
1119;JARIDM GUARANI;02849030
1120;JARIDM GUARANI;02849040
1121;JARIDM GUARANI;02849050
1122;JARIDM GUARANI;02849060
1123;JARIDM GUARANI;02849070
1124;JARIDM GUARANI;02849080
1125;JARIDM GUARANI;02849090
1126;JARIDM GUARANI;02849100
1127;JARIDM GUARANI;02849110
1128;JARIDM GUARANI;02849120
1129;JARIDM GUARANI;02849130
1130;JARIDM GUARANI;02849140
1131;JARIDM GUARANI;02849150
1132;JARIDM GUARANI;02849170
1133;JARIDM GUARANI;02849180
1134;JARIDM GUARANI;02849190
1135;JARIDM GUARANI;02849200
1136;JARIDM GUARANI;02851000
1137;JARIDM GUARANI;02851010
1138;JARIDM GUARANI;02851020
1139;JARIDM GUARANI;02851030
1140;JARIDM GUARANI;02851040
1141;JARIDM GUARANI;02851050
1142;JARIDM GUARANI;02851060
1143;JARIDM GUARANI;02851070
1144;JARIDM GUARANI;02851080
1145;JARIDM GUARANI;02851090
1146;JARIDM GUARANI;02851100
1147;JARIDM GUARANI;02851110
1148;JARIDM GUARANI;02851130
1149;JARIDM GUARANI;02850100
1150;JARIDM GUARANI;02855180
1151;VILA JOAO BATISTA;02837220
1152;VILA JOAO BATISTA;02837230
1153;VILA JOAO BATISTA;02837000
1154;VILA JOAO BATISTA;02837010
1155;VILA JOAO BATISTA;02837020
1156;VILA JOAO BATISTA;02837040
1157;VILA JOAO BATISTA;02837050
1158;VILA JOAO BATISTA;02837060
1159;VILA JOAO BATISTA;02837070
1160;VILA JOAO BATISTA;02837080
1161;VILA JOAO BATISTA;02837090
1162;VILA JOAO BATISTA;02837100
1163;VILA JOAO BATISTA;02837110
1164;VILA JOAO BATISTA;02837120
1165;VILA JOAO BATISTA;02837130
1166;VILA JOAO BATISTA;02846000
1167;VILA JOAO BATISTA;02846030
1168;VILA JOAO BATISTA;02846040
1169;VILA JOAO BATISTA;02846090
1170;VILA JOAO BATISTA;02846100
1171;VILA JOAO BATISTA;02846110
1172;VILA JOAO BATISTA;02846120
1173;VILA JOAO BATISTA;02846130
1174;VILA JOAO BATISTA;02846140
1175;VILA JOAO BATISTA;02846150
1176;VILA JOAO BATISTA;02846170
1177;VILA JOAO BATISTA;02837200
1178;VILA JOAO BATISTA;02846230
1179;VILA JOAO BATISTA;02846260
1180;JARDIM ONDINA;02870020
1181;JARDIM ONDINA;02870030
1182;JARDIM ONDINA;02870040
1183;JARDIM ONDINA;02870050
1184;JARDIM ONDINA;02870060
1185;JARDIM ONDINA;02870070
1186;JARDIM ONDINA;02870080
1187;JARDIM ONDINA;02870100
1188;JARDIM ONDINA;02870110
1189;JARDIM ONDINA;02870120
1190;JARDIM ONDINA;02871000
1191;JARDIM ONDINA;02871010
1192;JARDIM ONDINA;02871020
1193;JARDIM ONDINA;02871030
1194;JARDIM ONDINA;02871040
1195;JARDIM ONDINA;02871050
1196;JARDIM ONDINA;02871054
1197;JARDIM ONDINA;02871060
1198;JARDIM ONDINA;02871070
1199;JARDIM ONDINA;02871080
1200;JARDIM ONDINA;02871090
1201;JARDIM ONDINA;02871100
1202;JARDIM ONDINA;02871110
1203;JARDIM ONDINA;02871120
1204;JARDIM ONDINA;02871130
1205;JARDIM ONDINA;02871140
1206;JARDIM ONDINA;02871150
1207;JARDIM ONDINA;02871160
1208;JARDIM ONDINA;02871170
1209;JARDIM ONDINA;02871180
1210;JARDIM ONDINA;02871190
1211;JARDIM ONDINA;02871200
1212;JARDIM ONDINA;02872000
1213;JARDIM ONDINA;02872010
1214;JARDIM ONDINA;02881000
1215;JARDIM ONDINA;02881020
1216;JARDIM ONDINA;02881030
1217;JARDIM ONDINA;02881040
1218;JARDIM PAULISTANO;02855200
1219;JARDIM PAULISTANO;02855280
1220;JARDIM PAULISTANO;02855210
1221;JARDIM PAULISTANO;02813020
1222;JARDIM PAULISTANO;02813020
1223;JARDIM PAULISTANO;02813120
1224;JARDIM PAULISTANO;02820090
1225;JARDIM PAULISTANO;02814020
1226;JARDIM PAULISTANO;02814010
1227;JARDIM PAULISTANO;02816000
1228;JARDIM PAULISTANO;02814000
1230;JARDIM PAULISTANO;02814030
1231;JARDIM PAULISTANO;02814040
1232;JARDIM PAULISTANO;04849522
1233;JARDIM PAULISTANO;02812000
1234;JARDIM PAULISTANO;02812275
1235;JARDIM PAULISTANO;02812000
1236;JARDIM PAULISTANO;02812020
1237;JARDIM PAULISTANO;02812100
1238;JARDIM PAULISTANO;02812130
1239;JARDIM PAULISTANO;02814052
1240;JARDIM PAULISTANO;02816010
1241;JARDIM PAULISTANO;02814010
1242;JARDIM PAULISTANO;02813000
1243;JARDIM PAULISTANO;02812130
1244;JARDIM PAULISTANO;02814230
1245;JARDIM PAULISTANO;02816020
1246;JARDIM PAULISTANO;02813070
1247;JARDIM PAULISTANO;02814140
1248;JARDIM PAULISTANO;02813047
1249;JARDIM PAULISTANO;02812290
1250;JARDIM PAULISTANO;02814220
1251;JARDIM PAULISTANO;02812275
1252;JARDIM PAULISTANO;02812030
1253;JARDIM PAULISTANO;02814150
1254;JARDIM PAULISTANO;02813080
1255;JARDIM PAULISTANO;02813047
1256;JARDIM PAULISTANO;02814220
1257;JARDIM PAULISTANO;02812275
1258;JARDIM PAULISTANO;02812030
1259;JARDIM PAULISTANO;02814150
1260;JARDIM PAULISTANO;02814130
1261;JARDIM PAULISTANO;02814190
1262;JARDIM PAULISTANO;02814210
1263;JARDIM PAULISTANO;02813060
1264;JARDIM PAULISTANO;02813110
1265;JARDIM PAULISTANO;02812240
1266;JARDIM PAULISTANO;02813020
1267;JARDIM PAULISTANO;02814045
1268;JARDIM PAULISTANO;02814047
1269;JARDIM PAULISTANO;02814050
1270;JARDIM PAULISTANO;02814080
1271;JARDIM PAULISTANO;02812080
1272;JARDIM PAULISTANO;02814070
1273;JARDIM PAULISTANO;02813074
1274;JARDIM PAULISTANO;02813076
1275;JARDIM PAULISTANO;02813078
1276;JARDIM PAULISTANO;02812096
1277;JARDIM PAULISTANO;02816030
1278;JARDIM PAULISTANO;02813100
1279;JARDIM PAULISTANO;02812095
1280;JARDIM PAULISTANO;02813073
1281;JARDIM PAULISTANO;02813050
1282;JARDIM PAULISTANO;02812250
1283;JARDIM PAULISTANO;02812220
1284;JARDIM PAULISTANO;02812005
1285;JARDIM PAULISTANO;02814160
1286;JARDIM PAULISTANO;02814170
1287;JARDIM PAULISTANO;02814120
1288;JARDIM PAULISTANO;02812270
1289;JARDIM PAULISTANO;02814240
1290;JARDIM PAULISTANO;02812060
1291;JARDIM PAULISTANO;02812210
1292;JARDIM PAULISTANO;02812040
1293;JARDIM PAULISTANO;02812070
1294;JARDIM PAULISTANO;02814073
1295;JARDIM PAULISTANO;02813030
1296;JARDIM PAULISTANO;02812230
1297;JARDIM PAULISTANO;02812200
1298;JARDIM PAULISTANO;02812180
1299;JARDIM PAULISTANO;02812150
1300;JARDIM PAULISTANO;02814200
1301;JARDIM PAULISTANO;02812170
1302;JARDIM PAULISTANO;02812120
1303;JARDIM PAULISTANO;02812050
1304;JARDIM PAULISTANO;02812110
1305;JARDIM PAULISTANO;02814060
1306;JARDIM PAULISTANO;02813010
1307;JARDIM PAULISTANO;02812260
1308;JARDIM PAULISTANO;02812190
1309;JARDIM PAULISTANO;02812090
1310;JARDIM PAULISTANO;02814090
1311;JARDIM PAULISTANO;02814310
1312;JARDIM PAULISTANO;02814180
1313;JARDIM PAULISTANO;02814290
1314;JARDIM PAULISTANO;02812010
1315;JARDIM PAULISTANO;02812300
1316;JARDIM PAULISTANO;02814270
1317;JARDIM PAULISTANO;02814270
1318;JARDIM PAULISTANO;02812280
1319;JARDIM PAULISTANO;02810000
1320;JARDIM PAULISTANO;01508001
1321;JARDIM PAULISTANO;02981010
1322;JARDIM PAULISTANO;02982205
1323;JARDIM PAULISTANO;02982070
1324;JARDIM PAULISTANO;02982080
1325;JARDIM PAULISTANO;02981050
1326;JARDIM PAULISTANO;02981040
1327;JARDIM PAULISTANO;02982090
1328;JARDIM PAULISTANO;02982110
1329;JARDIM PAULISTANO;02982190
1330;JARDIM PAULISTANO;02981060
1331;JARDIM PAULISTANO;02981021
1332;JARDIM PAULISTANO;02982045
1333;JARDIM PAULISTANO;02982195
1334;JARDIM PAULISTANO;02982015
1335;JARDIM PAULISTANO;02982010
1336;JARDIM PAULISTANO;02982016
1337;JARDIM PAULISTANO;02981070
1338;JARDIM PAULISTANO;02982130
1339;JARDIM PAULISTANO;02982050
1340;JARDIM PAULISTANO;02981030
1341;JARDIM PAULISTANO;02981087
1342;JARDIM PAULISTANO;02981000
1343;JARDIM PAULISTANO;02982040
1344;JARDIM PAULISTANO;02982041
1345;JARDIM PAULISTANO;02981080
1346;JARDIM PAULISTANO;02981085
1347;JARDIM PAULISTANO;02982060
1348;JARDIM PAULISTANO;02982061
1349;JARDIM PAULISTANO;02981020
1350;JARDIM PAULISTANO;02982120
1351;JARDIM PAULISTANO;02982170
1352;JARDIM PAULISTANO;02981110
1353;JARDIM PAULISTANO;02982030
1354;JARDIM PAULISTANO;02982020
1355;JARDIM PAULISTANO;02982180
1356;JARDIM PAULISTANO;02982200
1357;JARDIM PAULISTANO;02982000
1358;JARDIM PAULISTANO;02982100
1359;JARDIM PAULISTANO;02982210
1360;JARDIM PAULISTANO;02982145
1361;JARDIM PAULISTANO;02982160
1362;JARDIM PAULISTANO;02982220
1363;JARDIM PAULISTANO;02982150
1364;JARDIM PAULISTANO;02982140
1365;JARDIM PAULISTANO;02983050
1366;JARDIM PAULISTANO;02983000
1368;JARDIM PAULISTANO;02983010
1369;JARDIM PAULISTANO;02983170
1370;JARDIM PAULISTANO;02983030
1371;JARDIM PAULISTANO;02982015
1372;JARDIM PAULISTANO;02983020
1373;JARDIM PAULISTANO;02983030
1374;JARDIM PAULISTANO;02813090
1375;JARDIM SYDNEY;02983060
1376;JARDIM SYDNEY;02983070
1377;JARDIM SYDNEY;02983050
1378;JARDIM SYDNEY;02982020
1379;JARDIM SYDNEY;02982000
1380;JARDIM SYDNEY;02982010
1381;JARDIM SYDNEY;02982030
1382;JARDIM SYDNEY;02982040
1383;JARDIM SYDNEY;02982060
1384;JARDIM SYDNEY;02982045
1385;JARDIM SYDNEY;02982050
1386;JARDIM SYDNEY;02982100
1387;JARDIM SYDNEY;02982190
1388;JARDIM SYDNEY;02982110
1389;JARDIM SYDNEY;02982210
1390;JARDIM SYDNEY;02983170
1391;JARDIM SYDNEY;02982195
1392;JARDIM SYDNEY;02982090
1393;JARDIM SYDNEY;02982080
1394;JARDIM SYDNEY;02982200
1395;JARDIM SYDNEY;02982205
1396;JARDIM SYDNEY;02982070
1397;JARDIM SYDNEY;02982045
1398;JARDIM SYDNEY;02812200
1399;JARDIM SYDNEY;02982080
1400;JARDIM SYDNEY;02983000
1401;JARDIM SYDNEY;02983020
1402;JARDIM SYDNEY;02983030
1403;JARDIM MAGGI;02982130
1404;JARDIM MAGGI;02982140
1405;JARDIM MAGGI;02982150
1406;JARDIM MAGGI;02982160
1407;JARDIM MAGGI;02982170
1408;JARDIM MAGGI;02981010
1409;JARDIM MAGGI;02982145
1410;JARDIM MAGGI;02982190
1411;JARDIM NOSSA SENHORA APARECIDA;02981040
1412;JARDIM NOSSA SENHORA APARECIDA;02981030
1413;JARDIM NOSSA SENHORA APARECIDA;02981050
1414;JARDIM NOSSA SENHORA APARECIDA;02981070
1415;JARDIM NOSSA SENHORA APARECIDA;02981060
1416;JARDIM NOSSA SENHORA APARECIDA;02981110
1417;JARDIM NOSSA SENHORA APARECIDA;02981085
1419;JARDIM NOSSA SENHORA APARECIDA;02982180
1420;JARDIM NOSSA SENHORA APARECIDA;02981085
1421;JARDIM NOSSA SENHORA APARECIDA;02981087
1422;JARDIM NOSSA SENHORA APARECIDA;02981085
1423;VILA ITABERABA;02878100
1424;JARDIM PAULISTANO;02814075
1425;COHAB BRASILANDIA;02820080
1426;JARDIM CARUMBE;02837185
1427;VILA SOUZA;02860001
1429;JARDIM DAMASCENO;02879-000
1430;JARDIM DAMASCENO;02879-010
1431;JARDIM DAMASCENO;02879-020
1432;JARDIM DAMASCENO;02879-030
1433;JARDIM DAMASCENO;02879-040
1434;JARDIM DAMASCENO;02879-050
1435;JARDIM DAMASCENO;02879-060
1436;JARDIM DAMASCENO;02879-070
1437;JARDIM DAMASCENO;02879-080
1438;JARDIM DAMASCENO;02879-090
1439;JARDIM DAMASCENO;02879-100
1440;JARDIM DAMASCENO;02879-110
1441;JARDIM DAMASCENO;02879-120
1442;JARDIM DAMASCENO;02879-130
1443;JARDIM DAMASCENO;02879-140
1444;JARDIM DAMASCENO;02879-150
1445;JARDIM DAMASCENO;02879-160
1446;JARDIM DAMASCENO;02879-170
1447;JARDIM DAMASCENO;02879-180
1448;JARDIM DAMASCENO;02879-190
1449;JARDIM DAMASCENO;02879-200
1450;JARDIM DAMASCENO;02879-210
1451;JARDIM PARANA;02876-000
1452;JARDIM PARANA;02876-110
1453;JARDIM PARANA;02876-120
1454;JARDIM PARANA;02876-170
1455;JARDIM PARANA;02876-180
1456;JARDIM PARANA;02876-250
1457;JARDIM PARANA;02876-270
1458;JARDIM PARANA;02876-290
1459;JARDIM PARANA;02876-360
1460;JARDIM PARANA;02876-420
1461;JARDIM PARANA;02876-430
1462;JARDIM PARANA;02876-490
1463;VILA ITABERABA;02846-010
1464;VILA ITABERABA;02846-020
1465;VILA ITABERABA;02846-050
1466;VILA ITABERABA;02846-060
1467;VILA ITABERABA;02846-070
1468;VILA ITABERABA;02846-100
1469;VILA ITABERABA;02846-160
1470;VILA ITABERABA;02846-180
1471;VILA ITABERABA;02846-210
1472;VILA ITABERABA;02846-220
1473;VILA ITABERABA;02846-240
1474;VILA ITABERABA;02846-250
1475;VILA ITABERABA;02846-270
1477;VILA ITABERABA;02847-000
1478;VILA ITABERABA;02847-001
1479;VILA ITABERABA;02847-010
1480;VILA ITABERABA;02847-020
1481;VILA ITABERABA;02847-040
1482;VILA ITABERABA;02847-060
1483;VILA ITABERABA;02847-070
1484;VILA ITABERABA;02851-000
1485;JARDIM PRINCESA;02856-000
1486;JARDIM PRINCESA;02856-010
1487;JARDIM PRINCESA;02856-020
1488;JARDIM PRINCESA;02856-024
1489;JARDIM PRINCESA;02856-030
1490;JARDIM PRINCESA;02856-040
1491;JARDIM PRINCESA;02856-050
1492;JARDIM PRINCESA;02856-060
1493;JARDIM PRINCESA;02856-070
1494;JARDIM PRINCESA;02856-080
1495;JARDIM PRINCESA;02856-090
1496;JARDIM PRINCESA;02856-094
1497;JARDIM PRINCESA;02856-100
1498;JARDIM PRINCESA;02856-110
1499;JARDIM PRINCESA;02856-130
1500;JARDIM PRINCESA;02856-140
1501;JARDIM PRINCESA;02856-170
1502;JARDIM PRINCESA;02856-120
1503;JARDIM VISTA ALEGRE/RECANTO;02877-000
1504;JARDIM VISTA ALEGRE/RECANTO;02877-010
1505;JARDIM VISTA ALEGRE/RECANTO;02877-020
1506;JARDIM VISTA ALEGRE/RECANTO;02877-030
1507;JARDIM VISTA ALEGRE/RECANTO;02877-040
1508;JARDIM VISTA ALEGRE/RECANTO;02877-045
1509;JARDIM VISTA ALEGRE/RECANTO;02877-050
1510;JARDIM VISTA ALEGRE/RECANTO;02877-060
1511;JARDIM VISTA ALEGRE/RECANTO;02877-070
1512;JARDIM VISTA ALEGRE/RECANTO;02877-080
1513;JARDIM VISTA ALEGRE/RECANTO;02877-090
1514;JARDIM VISTA ALEGRE/RECANTO;02877-100
1515;JARDIM VISTA ALEGRE/RECANTO;02877-110
1516;JARDIM VISTA ALEGRE/RECANTO;02877-120
1517;JARDIM VISTA ALEGRE/RECANTO;02877-130
1518;JARDIM VISTA ALEGRE/RECANTO;02877-145
1519;JARDIM VISTA ALEGRE/RECANTO;02877-146
1520;JARDIM VISTA ALEGRE/RECANTO;02877-150
1521;JARDIM VISTA ALEGRE/RECANTO;02877-155
1522;JARDIM VISTA ALEGRE/RECANTO;02877-160
1523;JARDIM VISTA ALEGRE/RECANTO;02877-162
1524;JARDIM VISTA ALEGRE/RECANTO;02877-165
1525;JARDIM VISTA ALEGRE/RECANTO;02878-000
1526;JARDIM VISTA ALEGRE/RECANTO;02878-010
1527;JARDIM VISTA ALEGRE/RECANTO;02878-020
1528;JARDIM VISTA ALEGRE/RECANTO;02878-030
1529;JARDIM VISTA ALEGRE/RECANTO;02878-040
1530;JARDIM VISTA ALEGRE/RECANTO;02878-050
1531;JARDIM VISTA ALEGRE/RECANTO;02878-060
1532;JARDIM VISTA ALEGRE/RECANTO;02878-070
1533;JARDIM VISTA ALEGRE/RECANTO;02878-080
1534;JARDIM VISTA ALEGRE/RECANTO;02878-110
1535;JARDIM VISTA ALEGRE/RECANTO;02878-120
1536;JARDIM VISTA ALEGRE/RECANTO;02878-125
1537;JARDIM VISTA ALEGRE/RECANTO;02878-130
1538;JARDIM VISTA ALEGRE/RECANTO;02878-140
1539;JARDIM VISTA ALEGRE/RECANTO;02878-150
1540;JARDIM VISTA ALEGRE/RECANTO;02878-160
1541;JARDIM VISTA ALEGRE/RECANTO;02878-115
1542;JARDIM ELISA MARIA;02870-180
1542;JARDIM ELISA MARIA;02873-011
1543;JARDIM ELISA MARIA;02870-190
1544;JARDIM ELISA MARIA;02873-000
1545;JARDIM ELISA MARIA;02873-010
1546;JARDIM ELISA MARIA;02873-020
1547;JARDIM ELISA MARIA;02873-030
1548;JARDIM ELISA MARIA;02873-040
1549;JARDIM ELISA MARIA;02873-050
1550;JARDIM ELISA MARIA;02873-060
1551;JARDIM ELISA MARIA;02873-070
1552;JARDIM ELISA MARIA;02873-080
1553;JARDIM ELISA MARIA;02873-090
1554;JARDIM ELISA MARIA;02873-100
1555;JARDIM ELISA MARIA;02873-110
1556;JARDIM ELISA MARIA;02873-120
1557;JARDIM ELISA MARIA;02873-130
1558;JARDIM ELISA MARIA;02873-140
1559;JARDIM ELISA MARIA;02873-150
1560;JARDIM ELISA MARIA;02873-160
1561;JARDIM ELISA MARIA;02873-170
1562;JARDIM ELISA MARIA;02873-180
1563;JARDIM ELISA MARIA;02873-190
1564;JARDIM ELISA MARIA;02873-200
1565;JARDIM ELISA MARIA;02873-210
1566;JARDIM ELISA MARIA;02873-220
1567;JARDIM ELISA MARIA;02873-230
1568;JARDIM ELISA MARIA;02873-240
1569;JARDIM ELISA MARIA;02873-250
1570;JARDIM ELISA MARIA;02873-270
1571;JARDIM ELISA MARIA;02873-280
1572;JARDIM ELISA MARIA;02873-290
1573;JARDIM ELISA MARIA;02873-300
1574;JARDIM ELISA MARIA;02873-310
1575;JARDIM ELISA MARIA;02873-320
1576;JARDIM ELISA MARIA;02873-330
1577;JARDIM ELISA MARIA;02873-340
1578;JARDIM ELISA MARIA;02873-350
1579;JARDIM ELISA MARIA;02873-360
1580;JARDIM ELISA MARIA;02873-370
1581;JARDIM ELISA MARIA;02873-380
1582;JARDIM ELISA MARIA;02873-390
1583;JARDIM ELISA MARIA;02873-400
1584;JARDIM ELISA MARIA;02873-410
1585;JARDIM ELISA MARIA;02873-420
1586;JARDIM ELISA MARIA;02873-430
1587;JARDIM ELISA MARIA;02873-440
1588;JARDIM ELISA MARIA;02873-450
1589;JARDIM ELISA MARIA;02873-460
1590;JARDIM ELISA MARIA;02873-470
1591;JARDIM ELISA MARIA;02873-480
1592;JARDIM ELISA MARIA;02873-490
1593;JARDIM ELISA MARIA;02873-500
1594;JARDIM ELISA MARIA;02873-510
1595;JARDIM ELISA MARIA;02873-520
1596;JARDIM ELISA MARIA;02873-530
1597;JARDIM ELISA MARIA;02873-540
1598;JARDIM ELISA MARIA;02873-550
1599;JARDIM ELISA MARIA;02873-560
1600;JARDIM ELISA MARIA;02873-570
1601;JARDIM ELISA MARIA;02873-580
1602;JARDIM ELISA MARIA;02873-590
1603;JARDIM ELISA MARIA;02873-600
1604;JARDIM ELISA MARIA;02873-610
1605;JARDIM ELISA MARIA;02873-620
1606;JARDIM ELISA MARIA;02873-630
1607;JARDIM ELISA MARIA;02873-640
1608;JARDIM ELISA MARIA;02873-650
1609;JARDIM ELISA MARIA;02873-680
1610;JARDIM ELISA MARIA;02873-730
1611;JARDIM ELISA MARIA;02873-740
1612;JARDIM ELISA MARIA;02873-750
1613;JARDIM ELISA MARIA;02873-760
1614;JARDIM ELISA MARIA;02873-770
1615;JARDIM ELISA MARIA;02874-000
1616;JARDIM ELISA MARIA;02874-010
1617;JARDIM ELISA MARIA;02874-020
1618;JARDIM ELISA MARIA;02874-030
1619;JARDIM ELISA MARIA;02874-040
1620;JARDIM ELISA MARIA;02874-060
1621;JARDIM ELISA MARIA;02874-070
1622;JARDIM ELISA MARIA;02874-080
1623;JARDIM ELISA MARIA;02874-090
1624;JARDIM ELISA MARIA;02874-100
1625;JARDIM ELISA MARIA;02874-110
1626;JARDIM ELISA MARIA;02874-140
1627;JARDIM ELISA MARIA;02874-150
1628;JARDIM ELISA MARIA;02874-160
1629;JARDIM ELISA MARIA;02875-000
1630;JARDIM ELISA MARIA;02875-010
1631;JARDIM ELISA MARIA;02875-020
1632;JARDIM ELISA MARIA;02875-030
1633;JARDIM ELISA MARIA;02875-040
1634;JARDIM ELISA MARIA;02875-050
1635;JARDIM ELISA MARIA;02875-060
1636;JARDIM ELISA MARIA;02875-070
1637;JARDIM ELISA MARIA;02875-074
1638;JARDIM ELISA MARIA;02875-080
1639;JARDIM ELISA MARIA;02873-740
1640;JARDIM VITORIA REGIA;02859-140
1641;JARDIM VITORIA REGIA;02859-150
1642;JARDIM VITORIA REGIA;02859-160
1643;JARDIM VITORIA REGIA;02859-170
1644;JARDIM VITORIA REGIA;02859-180
1645;JARDIM VITORIA REGIA;02859-190
1646;JARDIM VITORIA REGIA;02859-200
1647;JARDIM VITORIA REGIA;02859-210
1648;JARDIM VITORIA REGIA;02859-220
1649;JARDIM VITORIA REGIA;02859-230
1650;JARDIM VITORIA REGIA;02857-090
1651;JARDIM BRASILIA;02858-040
1652;JARDIM BRASILIA;02858-050
1653;JARDIM BRASILIA;02859-000
1654;JARDIM BRASILIA;02859-010
1655;JARDIM BRASILIA;02859-020
1656;JARDIM BRASILIA;02859-030
1657;JARDIM BRASILIA;02859-040
1658;JARDIM BRASILIA;02859-050
1659;JARDIM BRASILIA;02859-060
1660;JARDIM BRASILIA;02859-070
1661;JARDIM BRASILIA;02859-080
1662;JARDIM BRASILIA;02859-090
1663;JARDIM BRASILIA;02859-100
1664;JARDIM BRASILIA;02859-110
1665;JARDIM BRASILIA;02859-120
1666;VILA NOVA PARADA;02883-050
1667;VILA NOVA PARADA;02883-053
1668;VILA NOVA PARADA;02883-052
1669;VILA NOVA PARADA;02883-054
1670;JARDIM CARUMBE;02837-150
1671;JARDIM CARUMBE;02837-160
1672;JARDIM CARUMBE;02846-190
1673;JARDIM CARUMBE;02846-200
1674;JARDIM CARUMBE;02846-210
1675;JARDIM CARUMBE;02846-220
1676;JARDIM CARUMBE;02846-010
1677;JARDIM CARUMBE;02853-040
1678;JARDIM CARUMBE;02853-050
1679;JARDIM CARUMBE;02853-080
1680;JARDIM CARUMBE;02853-060
1681;JARDIM CARUMBE;02854-050
1682;JARDIM CARUMBE;02855-000
1683;JARDIM CARUMBE;02855-010
1684;JARDIM CARUMBE;02855-020
1685;JARDIM CARUMBE;02855-030
1686;JARDIM CARUMBE;02855-035
1687;JARDIM CARUMBE;02855-040
1688;JARDIM CARUMBE;02855-050
1689;JARDIM CARUMBE;02855-060
1690;JARDIM CARUMBE;02855-070
1691;JARDIM CARUMBE;02855-075
1692;JARDIM CARUMBE;02855-080
1693;JARDIM CARUMBE;02855-090
1694;JARDIM CARUMBE;02855-110
1695;JARDIM CARUMBE;02855-120
1696;JARDIM CARUMBE;02855-130
1697;JARDIM CARUMBE;02855-140
1698;JARDIM CARUMBE;02855-150
1699;JARDIM CARUMBE;02855-160
1700;JARDIM CARUMBE;02855-170
1701;JARDIM CARUMBE;02855-180
1702;JARDIM CARUMBE;02855-190
1703;JARDIM CARUMBE;02855-220
1704;JARDIM CARUMBE;02855-230
1705;JARDIM CARUMBE;02855-240
1706;JARDIM CARUMBE;02855-250
1707;JARDIM CARUMBE;02855-270
1708;JARDIM CARUMBE;02855-280
1711;JARDIM CARUMBE;02855-107
1712;JARDIM CARUMBE;02837-195
1713;VILA TERESINHA;02853-000
1714;VILA TERESINHA;02853-010
1715;VILA TERESINHA;02853-020
1716;VILA TERESINHA;02853-030
1717;VILA TERESINHA;02853-040
1718;VILA TERESINHA;02853-050
1719;VILA TERESINHA;02853-060
1720;VILA TERESINHA;02853-080
1721;VILA TERESINHA;02854-000
1722;VILA TERESINHA;02854-010
1723;VILA TERESINHA;02854-020
1724;VILA TERESINHA;02854-030
1725;VILA TERESINHA;02854-040
1726;VILA TERESINHA;02854-050
1727;VILA TERESINHA;02854-060
1728;VILA TERESINHA;02854-050
1729;VILA TERESINHA;02854-060
1730;VILA TERESINHA;02854-070
1731;VILA TERESINHA;02854-080
1732;ITAGUACU;02680-080
1733;ITAGUACU;02680-070
1734;ITAGUACU;02680-021
1735;ITAGUACU;04642-090
1736;ITAGUACU;02680-031
1737;JARDIM LIDER;02983-055
1738;JARDIM LIDER;02983-130
1739;JARDIM LIDER;02986-120
1740;JARDIM LIDER;02983-100
1741;JARDIM LIDER;02983-090
1742;JARDIM LIDER;02883-110
1743;COHAB BRASILANDIA;02820-070
1745;COHAB BRASILANDIA;02813-100
1746;COHAB BRASILANDIA;02820-040
1747;COHAB BRASILANDIA;02820-020
1748;COHAB BRASILANDIA;02820-090
1749;COHAB BRASILANDIA;02820-100
1749;COHAB BRASILANDIA;02813-115
1750;VILA SIQUEIRA;02817-080
1751;VILA SIQUEIRA;02817-000
1752;VILA SIQUEIRA;02817-010
1753;VILA SIQUEIRA;02816-010
1754;VILA SIQUEIRA;02817-060
1755;VILA SIQUEIRA;02817-050
1756;VILA SIQUEIRA;02816-011
1757;VILA SIQUEIRA;02817-071
1758;VILA SIQUEIRA;02817-075
1759;VILA SIQUEIRA;02817-073
1759;VILA SIQUEIRA;02817-079
1760;JARIDM GUARANI;02849-020
1761;JARIDM GUARANI;02844-070
1762;JARIDM GUARANI;02844-080
1763;JARIDM GUARANI;02844-090
1764;JARIDM GUARANI;02844-100
1765;JARIDM GUARANI;02844-110
1766;JARIDM GUARANI;02844-120
1767;JARIDM GUARANI;02845-000
1768;JARIDM GUARANI;02845-010
1769;JARIDM GUARANI;02845-020
1770;JARIDM GUARANI;02845-030
1771;JARIDM GUARANI;02845-040
1772;JARIDM GUARANI;02845-050
1773;JARIDM GUARANI;02845-060
1774;JARIDM GUARANI;02845-070
1775;JARIDM GUARANI;02845-080
1776;JARIDM GUARANI;02845-090
1777;JARIDM GUARANI;02845-100
1778;JARIDM GUARANI;02845-110
1779;JARIDM GUARANI;02845-120
1780;JARIDM GUARANI;02845-140
1781;JARIDM GUARANI;02845-150
1782;JARIDM GUARANI;02845-160
1783;JARIDM GUARANI;02846-010
1784;JARIDM GUARANI;02846-020
1785;JARIDM GUARANI;02846-030
1786;JARIDM GUARANI;02846-040
1787;JARIDM GUARANI;02846-050
1788;JARIDM GUARANI;02846-060
1789;JARIDM GUARANI;02846-070
1790;JARIDM GUARANI;02846-090
1791;JARIDM GUARANI;02846-100
1792;JARIDM GUARANI;02847-001
1793;JARIDM GUARANI;02847-010
1794;JARIDM GUARANI;02847-020
1795;JARIDM GUARANI;02847-040
1796;JARIDM GUARANI;02847-060
1797;JARIDM GUARANI;02847-070
1798;JARIDM GUARANI;02847-080
1799;JARIDM GUARANI;02847-085
1800;JARIDM GUARANI;02847-086
1801;JARIDM GUARANI;02847-087
1802;JARIDM GUARANI;02847-090
1803;JARIDM GUARANI;02847-100
1804;JARIDM GUARANI;02848-000
1805;JARIDM GUARANI;02848-010
1806;JARIDM GUARANI;02848-020
1807;JARIDM GUARANI;02848-030
1808;JARIDM GUARANI;02848-040
1809;JARIDM GUARANI;02848-050
1810;JARIDM GUARANI;02848-060
1811;JARIDM GUARANI;02848-070
1812;JARIDM GUARANI;02848-080
1813;JARIDM GUARANI;02848-130
1814;JARIDM GUARANI;02849-000
1815;JARIDM GUARANI;02849-010
1816;JARIDM GUARANI;02849-020
1817;JARIDM GUARANI;02849-030
1818;JARIDM GUARANI;02849-040
1819;JARIDM GUARANI;02849-050
1820;JARIDM GUARANI;02849-060
1821;JARIDM GUARANI;02849-070
1822;JARIDM GUARANI;02849-080
1823;JARIDM GUARANI;02849-090
1824;JARIDM GUARANI;02849-100
1825;JARIDM GUARANI;02849-110
1826;JARIDM GUARANI;02849-120
1827;JARIDM GUARANI;02849-130
1828;JARIDM GUARANI;02849-140
1829;JARIDM GUARANI;02849-150
1830;JARIDM GUARANI;02849-170
1831;JARIDM GUARANI;02849-180
1832;JARIDM GUARANI;02849-190
1833;JARIDM GUARANI;02849-200
1834;JARIDM GUARANI;02851-000
1835;JARIDM GUARANI;02851-010
1836;JARIDM GUARANI;02851-020
1837;JARIDM GUARANI;02851-030
1838;JARIDM GUARANI;02851-040
1839;JARIDM GUARANI;02851-050
1840;JARIDM GUARANI;02851-060
1841;JARIDM GUARANI;02851-070
1842;JARIDM GUARANI;02851-080
1843;JARIDM GUARANI;02851-090
1844;JARIDM GUARANI;02851-100
1845;JARIDM GUARANI;02851-110
1846;JARIDM GUARANI;02851-130
1847;JARIDM GUARANI;02850-100
1848;JARIDM GUARANI;02855-180
1849;VILA JOAO BATISTA;02837-220
1850;VILA JOAO BATISTA;02837-230
1851;VILA JOAO BATISTA;02837-000
1852;VILA JOAO BATISTA;02837-010
1853;VILA JOAO BATISTA;02837-020
1854;VILA JOAO BATISTA;02837-040
1855;VILA JOAO BATISTA;02837-050
1856;VILA JOAO BATISTA;02837-060
1857;VILA JOAO BATISTA;02837-070
1858;VILA JOAO BATISTA;02837-080
1859;VILA JOAO BATISTA;02837-090
1860;VILA JOAO BATISTA;02837-100
1861;VILA JOAO BATISTA;02837-110
1862;VILA JOAO BATISTA;02837-120
1863;VILA JOAO BATISTA;02837-130
1864;VILA JOAO BATISTA;02846-000
1865;VILA JOAO BATISTA;02846-030
1866;VILA JOAO BATISTA;02846-040
1867;VILA JOAO BATISTA;02846-090
1868;VILA JOAO BATISTA;02846-100
1869;VILA JOAO BATISTA;02846-110
1870;VILA JOAO BATISTA;02846-120
1871;VILA JOAO BATISTA;02846-130
1872;VILA JOAO BATISTA;02846-140
1873;VILA JOAO BATISTA;02846-150
1874;VILA JOAO BATISTA;02846-170
1875;VILA JOAO BATISTA;02837-200
1876;VILA JOAO BATISTA;02846-230
1877;VILA JOAO BATISTA;02846-260
1878;JARDIM ONDINA;02870-020
1879;JARDIM ONDINA;02870-030
1880;JARDIM ONDINA;02870-040
1881;JARDIM ONDINA;02870-050
1882;JARDIM ONDINA;02870-060
1883;JARDIM ONDINA;02870-070
1884;JARDIM ONDINA;02870-080
1885;JARDIM ONDINA;02870-100
1886;JARDIM ONDINA;02870-110
1887;JARDIM ONDINA;02870-120
1888;JARDIM ONDINA;02871-000
1889;JARDIM ONDINA;02871-010
1890;JARDIM ONDINA;02871-020
1891;JARDIM ONDINA;02871-030
1892;JARDIM ONDINA;02871-040
1893;JARDIM ONDINA;02871-050
1894;JARDIM ONDINA;02871-054
1895;JARDIM ONDINA;02871-060
1896;JARDIM ONDINA;02871-070
1897;JARDIM ONDINA;02871-080
1898;JARDIM ONDINA;02871-090
1899;JARDIM ONDINA;02871-100
1900;JARDIM ONDINA;02871-110
1901;JARDIM ONDINA;02871-120
1902;JARDIM ONDINA;02871-130
1903;JARDIM ONDINA;02871-140
1904;JARDIM ONDINA;02871-150
1905;JARDIM ONDINA;02871-160
1906;JARDIM ONDINA;02871-170
1907;JARDIM ONDINA;02871-180
1908;JARDIM ONDINA;02871-190
1909;JARDIM ONDINA;02871-200
1910;JARDIM ONDINA;02872-000
1911;JARDIM ONDINA;02872-010
1912;JARDIM ONDINA;02881-000
1913;JARDIM ONDINA;02881-020
1914;JARDIM ONDINA;02881-030
1915;JARDIM ONDINA;02881-040
1916;JARDIM PAULISTANO;02855-200
1917;JARDIM PAULISTANO;02855-280
1918;JARDIM PAULISTANO;02855-210
1919;JARDIM PAULISTANO;02813-020
1920;JARDIM PAULISTANO;02813-020
1921;JARDIM PAULISTANO;02813-120
1922;JARDIM PAULISTANO;02820-090
1923;JARDIM PAULISTANO;02814-020
1924;JARDIM PAULISTANO;02814-010
1925;JARDIM PAULISTANO;02816-000
1926;JARDIM PAULISTANO;02814-000
1928;JARDIM PAULISTANO;02814-030
1929;JARDIM PAULISTANO;02814-040
1930;JARDIM PAULISTANO;04849-522
1931;JARDIM PAULISTANO;02812-000
1932;JARDIM PAULISTANO;02812-275
1933;JARDIM PAULISTANO;02812-000
1934;JARDIM PAULISTANO;02812-020
1935;JARDIM PAULISTANO;02812-100
1936;JARDIM PAULISTANO;02812-130
1937;JARDIM PAULISTANO;02814-052
1938;JARDIM PAULISTANO;02816-010
1939;JARDIM PAULISTANO;02814-010
1940;JARDIM PAULISTANO;02813-000
1941;JARDIM PAULISTANO;02812-130
1942;JARDIM PAULISTANO;02814-230
1943;JARDIM PAULISTANO;02816-020
1944;JARDIM PAULISTANO;02813-070
1945;JARDIM PAULISTANO;02814-140
1946;JARDIM PAULISTANO;02813-047
1947;JARDIM PAULISTANO;02812-290
1948;JARDIM PAULISTANO;02814-220
1949;JARDIM PAULISTANO;02812-275
1950;JARDIM PAULISTANO;02812-030
1951;JARDIM PAULISTANO;02814-150
1952;JARDIM PAULISTANO;02813-080
1953;JARDIM PAULISTANO;02813-047
1954;JARDIM PAULISTANO;02814-220
1955;JARDIM PAULISTANO;02812-275
1956;JARDIM PAULISTANO;02812-030
1957;JARDIM PAULISTANO;02814-150
1958;JARDIM PAULISTANO;02814-130
1959;JARDIM PAULISTANO;02814-190
1960;JARDIM PAULISTANO;02814-210
1961;JARDIM PAULISTANO;02813-060
1962;JARDIM PAULISTANO;02813-110
1963;JARDIM PAULISTANO;02812-240
1964;JARDIM PAULISTANO;02813-020
1965;JARDIM PAULISTANO;02814-045
1966;JARDIM PAULISTANO;02814-047
1967;JARDIM PAULISTANO;02814-050
1968;JARDIM PAULISTANO;02814-080
1969;JARDIM PAULISTANO;02812-080
1970;JARDIM PAULISTANO;02814-070
1971;JARDIM PAULISTANO;02813-074
1972;JARDIM PAULISTANO;02813-076
1973;JARDIM PAULISTANO;02813-078
1974;JARDIM PAULISTANO;02812-096
1975;JARDIM PAULISTANO;02816-030
1976;JARDIM PAULISTANO;02813-100
1977;JARDIM PAULISTANO;02812-095
1978;JARDIM PAULISTANO;02813-073
1979;JARDIM PAULISTANO;02813-050
1980;JARDIM PAULISTANO;02812-250
1981;JARDIM PAULISTANO;02812-220
1982;JARDIM PAULISTANO;02812-005
1983;JARDIM PAULISTANO;02814-160
1984;JARDIM PAULISTANO;02814-170
1985;JARDIM PAULISTANO;02814-120
1986;JARDIM PAULISTANO;02812-270
1987;JARDIM PAULISTANO;02814-240
1988;JARDIM PAULISTANO;02812-060
1989;JARDIM PAULISTANO;02812-210
1990;JARDIM PAULISTANO;02812-040
1991;JARDIM PAULISTANO;02812-070
1992;JARDIM PAULISTANO;02814-073
1993;JARDIM PAULISTANO;02813-030
1994;JARDIM PAULISTANO;02812-230
1995;JARDIM PAULISTANO;02812-200
1996;JARDIM PAULISTANO;02812-180
1997;JARDIM PAULISTANO;02812-150
1998;JARDIM PAULISTANO;02814-200
1999;JARDIM PAULISTANO;02812-170
2000;JARDIM PAULISTANO;02812-120
2001;JARDIM PAULISTANO;02812-050
2002;JARDIM PAULISTANO;02812-110
2003;JARDIM PAULISTANO;02814-060
2004;JARDIM PAULISTANO;02813-010
2005;JARDIM PAULISTANO;02812-260
2006;JARDIM PAULISTANO;02812-190
2007;JARDIM PAULISTANO;02812-090
2008;JARDIM PAULISTANO;02814-090
2009;JARDIM PAULISTANO;02814-310
2010;JARDIM PAULISTANO;02814-180
2011;JARDIM PAULISTANO;02814-290
2012;JARDIM PAULISTANO;02812-010
2013;JARDIM PAULISTANO;02812-300
2014;JARDIM PAULISTANO;02814-270
2015;JARDIM PAULISTANO;02814-270
2016;JARDIM PAULISTANO;02812-280
2017;JARDIM PAULISTANO;02810-000
2018;JARDIM PAULISTANO;01508-001
2019;JARDIM PAULISTANO;02981-010
2020;JARDIM PAULISTANO;02982-205
2021;JARDIM PAULISTANO;02982-070
2022;JARDIM PAULISTANO;02982-080
2023;JARDIM PAULISTANO;02981-050
2024;JARDIM PAULISTANO;02981-040
2025;JARDIM PAULISTANO;02982-090
2026;JARDIM PAULISTANO;02982-110
2027;JARDIM PAULISTANO;02982-190
2028;JARDIM PAULISTANO;02981-060
2029;JARDIM PAULISTANO;02981-021
2030;JARDIM PAULISTANO;02982-045
2031;JARDIM PAULISTANO;02982-195
2032;JARDIM PAULISTANO;02982-015
2033;JARDIM PAULISTANO;02982-010
2034;JARDIM PAULISTANO;02982-016
2035;JARDIM PAULISTANO;02981-070
2036;JARDIM PAULISTANO;02982-130
2037;JARDIM PAULISTANO;02982-050
2038;JARDIM PAULISTANO;02981-030
2039;JARDIM PAULISTANO;02981-087
2040;JARDIM PAULISTANO;02981-000
2041;JARDIM PAULISTANO;02982-040
2042;JARDIM PAULISTANO;02982-041
2043;JARDIM PAULISTANO;02981-080
2044;JARDIM PAULISTANO;02981-085
2045;JARDIM PAULISTANO;02982-060
2046;JARDIM PAULISTANO;02982-061
2047;JARDIM PAULISTANO;02981-020
2048;JARDIM PAULISTANO;02982-120
2049;JARDIM PAULISTANO;02982-170
2050;JARDIM PAULISTANO;02981-110
2051;JARDIM PAULISTANO;02982-030
2052;JARDIM PAULISTANO;02982-020
2053;JARDIM PAULISTANO;02982-180
2054;JARDIM PAULISTANO;02982-200
2055;JARDIM PAULISTANO;02982-000
2056;JARDIM PAULISTANO;02982-100
2057;JARDIM PAULISTANO;02982-210
2058;JARDIM PAULISTANO;02982-145
2059;JARDIM PAULISTANO;02982-160
2060;JARDIM PAULISTANO;02982-220
2061;JARDIM PAULISTANO;02982-150
2062;JARDIM PAULISTANO;02982-140
2063;JARDIM PAULISTANO;02983-050
2064;JARDIM PAULISTANO;02983-000
2065;JARDIM PAULISTANO;02983-010
2066;JARDIM PAULISTANO;02983-170
2067;JARDIM PAULISTANO;02983-030
2068;JARDIM PAULISTANO;02982-015
2069;JARDIM PAULISTANO;02983-020
2070;JARDIM PAULISTANO;02983-030
2071;JARDIM PAULISTANO;02813-090
2072;JARDIM SYDNEY;02983-060
2073;JARDIM SYDNEY;02983-070
2074;JARDIM SYDNEY;02983-050
2075;JARDIM SYDNEY;02982-020
2076;JARDIM SYDNEY;02982-000
2077;JARDIM SYDNEY;02982-010
2078;JARDIM SYDNEY;02982-030
2079;JARDIM SYDNEY;02982-040
2080;JARDIM SYDNEY;02982-060
2081;JARDIM SYDNEY;02982-045
2082;JARDIM SYDNEY;02982-050
2083;JARDIM SYDNEY;02982-100
2084;JARDIM SYDNEY;02982-190
2085;JARDIM SYDNEY;02982-110
2086;JARDIM SYDNEY;02982-210
2087;JARDIM SYDNEY;02983-170
2088;JARDIM SYDNEY;02982-195
2089;JARDIM SYDNEY;02982-090
2090;JARDIM SYDNEY;02982-080
2091;JARDIM SYDNEY;02982-200
2092;JARDIM SYDNEY;02982-205
2093;JARDIM SYDNEY;02982-070
2094;JARDIM SYDNEY;02982-045
2095;JARDIM SYDNEY;02812-200
2096;JARDIM SYDNEY;02982-080
2097;JARDIM SYDNEY;02983-000
2098;JARDIM SYDNEY;02983-020
2099;JARDIM SYDNEY;02983-030
2100;JARDIM MAGGI;02982-130
2101;JARDIM MAGGI;02982-140
2102;JARDIM MAGGI;02982-150
2103;JARDIM MAGGI;02982-160
2104;JARDIM MAGGI;02982-170
2105;JARDIM MAGGI;02981-010
2106;JARDIM MAGGI;02982-145
2107;JARDIM MAGGI;02982-190
2108;JARDIM NOSSA SENHORA APARECIDA;02981-040
2109;JARDIM NOSSA SENHORA APARECIDA;02981-030
2110;JARDIM NOSSA SENHORA APARECIDA;02981-050
2111;JARDIM NOSSA SENHORA APARECIDA;02981-070
2112;JARDIM NOSSA SENHORA APARECIDA;02981-060
2113;JARDIM NOSSA SENHORA APARECIDA;02981-110
2114;JARDIM NOSSA SENHORA APARECIDA;02981-085
2116;JARDIM NOSSA SENHORA APARECIDA;02982-180
2117;JARDIM NOSSA SENHORA APARECIDA;02981-085
2118;JARDIM NOSSA SENHORA APARECIDA;02981-087
2119;JARDIM NOSSA SENHORA APARECIDA;02981-085
2120;VILA ITABERABA;02878-100
2121;JARDIM PAULISTANO;02814-075
2122;COHAB BRASILANDIA;02820-080
2123;JARDIM CARUMBE;02837-185
2124;VILA SOUZA;02860-001
2125;COHAB BRASILANDIA;02820000
2126;COHAB BRASILANDIA;02820-000
2127;JARDIM DOS FRANCOS;02673000
2128;JARDIM DOS FRANCOS;02673-000
2129;JARDIM PAULISTANO;02820005
2130;JARDIM PAULISTANO;02820-005
2131;JARDIM BRASILIA;02858-020
2132;JARDIM BRASILIA;02858020
2133;JARDIM BRASILIA;02858-000
2134;JARDIM BRASILIA;02858000
2135;JARDIM BRASILIA;02858-010
2136;JARDIM BRASILIA;02858010
2137;JARDIM BRASILIA;02858-030
2138;JARDIM BRASILIA;02858030
